0	15193
15193	35467
35467	53288
53288	73345
73345	90576
90576	110652
110652	129412
129412	148355
148355	167524
167524	185180
185180	202187
202187	222388
222388	241528
241528	260316
260316	281133
281133	300506
300506	319731
319731	339993
339993	357155
357155	377390
377390	395367
395367	415535
415535	433475
433475	452915
452915	472797
472797	491125
491125	511295
511295	530420
530420	548181
548181	568003
568003	588130
588130	607665
607665	626312
626312	647005
647005	667338
667338	686988
686988	707298
707298	724013
724013	743960
743960	761807
761807	782765
782765	800733
800733	820533
820533	835385
835385	855481
855481	875464
875464	894821
894821	914945
914945	935390
935390	955042
955042	975204
975204	994988
994988	1013276
1013276	1033848
1033848	1053735
1053735	1073310
1073310	1093135
1093135	1112816
1112816	1133376
1133376	1152692
1152692	1170654
1170654	1190674
1190674	1209824
1209824	1230150
1230150	1249826
1249826	1269724
1269724	1290429
1290429	1309320
1309320	1329487
1329487	1345639
1345639	1364022
1364022	1384106
1384106	1402893
1402893	1423574
1423574	1441924
1441924	1461933
1461933	1480899
1480899	1499707
1499707	1519031
1519031	1539192
1539192	1556728
1556728	1575362
1575362	1590541
1590541	1609712
1609712	1627802
1627802	1647099
1647099	1667670
1667670	1687898
1687898	1708047
1708047	1726445
1726445	1744301
1744301	1763619
1763619	1784355
1784355	1803939
1803939	1822703
1822703	1840555
1840555	1856105
1856105	1876325
1876325	1895629
1895629	1915187
